<svg width="512" height="512" xmlns="http://www.w3.org/2000/svg" xmlns:xlink="http://www.w3.org/1999/xlink">
  <!-- Fondo degradado -->
  <defs>
    <linearGradient id="bgGradient" x1="0%" y1="0%" x2="100%" y2="100%">
      <stop offset="0%" style="stop-color:#1a1a2e;stop-opacity:1" />
      <stop offset="100%" style="stop-color:#16213e;stop-opacity:1" />
    </linearGradient>
    
    <linearGradient id="bubbleGradient" x1="0%" y1="0%" x2="100%" y2="100%">
      <stop offset="0%" style="stop-color:#4a5568;stop-opacity:1" />
      <stop offset="100%" style="stop-color:#2d3748;stop-opacity:1" />
    </linearGradient>
    
    <filter id="shadow" x="-20%" y="-20%" width="140%" height="140%">
      <feDropShadow dx="3" dy="3" stdDeviation="6" flood-color="#000000" flood-opacity="0.4"/>
    </filter>
    
    <filter id="glow" x="-20%" y="-20%" width="140%" height="140%">
      <feGaussianBlur stdDeviation="2" result="coloredBlur"/>
      <feMerge> 
        <feMergeNode in="coloredBlur"/>
        <feMergeNode in="SourceGraphic"/>
      </feMerge>
    </filter>
  </defs>
  
  <!-- Fondo principal con degradado -->
  <rect width="100%" height="100%" fill="url(#bgGradient)"/>
  
  <!-- Patrón de puntos decorativos -->
  <circle cx="50" cy="50" r="2" fill="#ffffff" opacity="0.1"/>
  <circle cx="150" cy="80" r="1.5" fill="#ffffff" opacity="0.15"/>
  <circle cx="450" cy="70" r="2" fill="#ffffff" opacity="0.1"/>
  <circle cx="480" cy="150" r="1" fill="#ffffff" opacity="0.2"/>
  <circle cx="50" cy="450" r="1.5" fill="#ffffff" opacity="0.1"/>
  <circle cx="450" cy="420" r="2" fill="#ffffff" opacity="0.15"/>
  
  <!-- Burbuja de texto mejorada -->
  <rect x="110" y="190" rx="25" ry="25" width="380" height="130" 
        fill="url(#bubbleGradient)" 
        stroke="#5a67d8" 
        stroke-width="2" 
        filter="url(#shadow)"/>
  
  <!-- Borde interno de la burbuja -->
  <rect x="112" y="192" rx="23" ry="23" width="376" height="126" 
        fill="none" 
        stroke="#ffffff" 
        stroke-width="1" 
        opacity="0.2"/>
  
  <!-- Indicador de burbuja (triángulo) -->
  <polygon points="110,240 90,255 110,270" 
           fill="url(#bubbleGradient)" 
           stroke="#5a67d8" 
           stroke-width="2"/>
  
  <!-- Círculo para foto de perfil con borde -->
  <circle cx="65" cy="255" r="42" fill="#5a67d8" opacity="0.3"/>
  <circle cx="65" cy="255" r="40" fill="#E8E8E8" filter="url(#shadow)"/>
  
  <!-- Anillo decorativo alrededor de la foto -->
  <circle cx="65" cy="255" r="45" fill="none" stroke="#5a67d8" stroke-width="3" opacity="0.6"/>
  
  <clipPath id="recorteCircular">
    <circle cx="65" cy="255" r="38" />
  </clipPath>

  <!-- Foto de perfil del usuario -->
  <image 
    x="27" y="217" 
    width="76" height="76" 
    clip-path="url(#recorteCircular)" 
    xlink:href="{{USER_PFP}}"
  />
  
  <!-- Texto principal -->
  <text 
    x="140" y="240" 
    font-family="Arial, Helvetica, sans-serif" 
    font-size="24" 
    font-weight="bold" 
    fill="#ffffff" 
    text-anchor="start"
    filter="url(#glow)"
  >{{TEXT}}</text>
  
  <!-- Texto con sombra para mejor legibilidad -->
  <text 
    x="142" y="242" 
    font-family="Arial, Helvetica, sans-serif" 
    font-size="24" 
    font-weight="bold" 
    fill="#000000" 
    text-anchor="start"
    opacity="0.3"
  >{{TEXT}}</text>
  
  <!-- Pequeños iconos decorativos -->
  <circle cx="460" cy="210" r="3" fill="#5a67d8" opacity="0.7"/>
  <circle cx="450" cy="300" r="2" fill="#5a67d8" opacity="0.5"/>
  <circle cx="470" cy="280" r="2.5" fill="#5a67d8" opacity="0.6"/>
  
</svg>